cat_img_000000.jpg,"DemgNoXEmRCzbREioaWGY45EGtNfFSBGyiwAIENtUbc=
"
cat_img_000001.jpg,"DemgNoXEmRCzbREioaWGY9C9vICc4QZzeT+VBZrBYrA=
"
cat_img_000002.gif,"DemgNoXEmRCzbREioaWGY7F2EfP3MAtvwCg8Wv3XFXM=
"
cat_img_000003.jpg,"DemgNoXEmRCzbREioaWGYx4AKZEXfVDc4YeT5EvCPVQ=
"
cat_img_000004.jpg,"DemgNoXEmRCzbREioaWGY8TjHxoLMRQStlwMU3p1GXo=
"
cat_img_000005.jpg,"DemgNoXEmRCzbREioaWGY6pYUSlDktGIds0nPgAGNLo=
"
cat_img_000006.jpg,"DemgNoXEmRCzbREioaWGY9+vhPLub606aVOdAgXbDJ0=
"
cat_img_000007.jpg,"DemgNoXEmRCzbREioaWGY/KewjSZNP/godVSk8UTj0g=
"
cat_img_000008.jpg,"DemgNoXEmRCzbREioaWGY2w0rjzgyTZO5rbKu/tIIFU=
"
cat_img_000009.jpg,"DemgNoXEmRCzbREioaWGY0ThzlXc+kecoZ98GtapENw=
"
cat_img_000010.jpg,"DemgNoXEmRCzbREioaWGYzMN5QzjD7ROHGopdOj55QU=
"
cat_img_000011.jpg,"DemgNoXEmRCzbREioaWGY0zlsXyonnZ5zfRCfIaHF5c=
"
cat_img_000012.jpg,"DemgNoXEmRCzbREioaWGY+NWBJV+6NoXFVFNBRY/l0c=
"
cat_img_000013.jpg,"DemgNoXEmRCzbREioaWGYyHJKzZEbDRfUE7RLYiYbek=
"
cat_img_000014.jpg,"DemgNoXEmRCzbREioaWGY5iKfDrcECghL8mpWnIZbi0=
"
cat_img_000015.jpg,"DemgNoXEmRCzbREioaWGY8Bm7RNB0n60OPAvQ92yBg8=
"
cat_img_000016.jpg,"DemgNoXEmRCzbREioaWGYwVrIl4+/F66M/2nlI++uyI=
"
cat_img_000017.jpg,"DemgNoXEmRCzbREioaWGY7qCAHXiMyyRNrFPjePFzwo=
"
cat_img_000018.jpg,"DemgNoXEmRCzbREioaWGYwbDCqSYtahIBieA+QFYxZQ=
"
cat_img_000019.jpg,"DemgNoXEmRCzbREioaWGY4UDrN9tvVpyl5YZVV0CTP8=
"
cat_img_000020.jpg,"DemgNoXEmRCzbREioaWGY9ghYZwHMHD3IkLXD7GnRHA=
"
cat_img_000021.jpg,"DemgNoXEmRCzbREioaWGYzL5HAR0oAAhbnG2PqaM8B0=
"
cat_img_000022.jpg,"DemgNoXEmRCzbREioaWGY/FMwL16o/p6qin8uqSkjX4=
"
cat_img_000023.jpg,"DemgNoXEmRCzbREioaWGY2+WQX7sAWIqJhBkZ+emn+M=
"
cat_img_000024.jpg,"DemgNoXEmRCzbREioaWGY7jT2Pg27VvLd24HxkOQ21k=
"
cat_img_000025.jpg,"DemgNoXEmRCzbREioaWGYwWrwbjPFKlVrt6rI097PH0=
"
cat_img_000026.jpg,"DemgNoXEmRCzbREioaWGYxMym1r4akJHsSRPqZ58Vyg=
"
cat_img_000027.jpg,"DemgNoXEmRCzbREioaWGY2Ae2lsDVV5F1pMekow2b4A=
"
cat_img_000028.jpg,"DemgNoXEmRCzbREioaWGY16WfV5lho+DJaGCsNinz/g=
"
cat_img_000029.jpg,"DemgNoXEmRCzbREioaWGYyH7U3LDU/E6aOz2d7aRVUg=
"
cat_img_000030.jpg,"DemgNoXEmRCzbREioaWGY621wJ/krcoUY8ilSkl+NPo=
"
cat_img_000031.jpg,"DemgNoXEmRCzbREioaWGYzCCF1wuWUv0wNAHhYBEGHA=
"
cat_img_000032.jpg,"DemgNoXEmRCzbREioaWGYzwoA3EFQgCVHDCVgMVidTw=
"
cat_img_000033.jpg,"DemgNoXEmRCzbREioaWGYwJmZlujLi62Q9yNadHKkb4=
"
cat_img_000034.gif,"DemgNoXEmRCzbREioaWGY0VeZqqnhMSn98PpszEt3iE=
"
cat_img_000035.jpg,"DemgNoXEmRCzbREioaWGY7EYGhh4SSTFzzLj1t1Mf6g=
"
cat_img_000036.jpg,"DemgNoXEmRCzbREioaWGYzouYB6sA656WX9mZS0BKx0=
"
cat_img_000037.jpg,"DemgNoXEmRCzbREioaWGYz0v7lUdMIqA9bLUxuIW+e4=
"
cat_img_000038.jpg,"DemgNoXEmRCzbREioaWGY3mK/D4pYQPLYzr5r28iqEw=
"
cat_img_000039.jpg,"DemgNoXEmRCzbREioaWGY3OQaQUYGMJN2/X++m7NkKs=
"
cat_img_000040.jpg,"DemgNoXEmRCzbREioaWGY5/C1Ena9KmyQk20kTlzZEg=
"
cat_img_000041.jpg,"DemgNoXEmRCzbREioaWGY/Q9WlTntSWxOCUN7hat4+4=
"
cat_img_000042.jpg,"DemgNoXEmRCzbREioaWGY9A/qDALuhXkTIl0kvadSAU=
"
cat_img_000043.jpg,"DemgNoXEmRCzbREioaWGY1PWkJKmJ3Z5V/uz0ymcKhs=
"
cat_img_000044.jpg,"DemgNoXEmRCzbREioaWGY/5ny5MsEXGZXJyUjbZeOc4=
"
cat_img_000045.jpg,"DemgNoXEmRCzbREioaWGY9eerZDHvvEA+JsUn5PG2Lc=
"
cat_img_000046.gif,"DemgNoXEmRCzbREioaWGYx0w03njbplvbyNoS4X95Os=
"
cat_img_000047.jpg,"DemgNoXEmRCzbREioaWGY2qaml/nqC6tQdLXLUpUaLc=
"
cat_img_000048.gif,"DemgNoXEmRCzbREioaWGY4ju/cF011nwkYNHQMeB9UY=
"
cat_img_000049.jpg,"DemgNoXEmRCzbREioaWGY6DYq9fDOCWEY9saFdZs67U=
"
cat_img_000050.jpg,"DemgNoXEmRCzbREioaWGY5pvi6G1JdV07pZlTYX43Hw=
"
cat_img_000051.jpg,"DemgNoXEmRCzbREioaWGY4RIhb6hPSCP4zQunvMHBoI=
"
cat_img_000052.jpg,"DemgNoXEmRCzbREioaWGYy4yIqaprtEHnkfhVZm0uD8=
"
cat_img_000053.jpg,"DemgNoXEmRCzbREioaWGYwy2Bvghxb4Pdqg5cMBkFGY=
"
cat_img_000054.jpg,"DemgNoXEmRCzbREioaWGY01Tevg1a9T5boOdFneuBjg=
"
cat_img_000055.jpg,"DemgNoXEmRCzbREioaWGY2YRDcKRWnjJ8QzlNW04dSw=
"
cat_img_000056.jpg,"DemgNoXEmRCzbREioaWGY2PpiNpqc/vLShPfTN54Xdw=
"
cat_img_000057.jpg,"DemgNoXEmRCzbREioaWGYw40upUn4AROuIAU9HJPTQs=
"
cat_img_000058.jpg,"DemgNoXEmRCzbREioaWGY2v8JufC6c17c8EC7RDXVZU=
"
cat_img_000059.jpg,"DemgNoXEmRCzbREioaWGY9PVaH9QyOSYozXF7Ztmka4=
"
cat_img_000060.jpg,"DemgNoXEmRCzbREioaWGY2jSUWqL/nDHgpKnDzdlN4o=
"
cat_img_000061.gif,"DemgNoXEmRCzbREioaWGYyu8oe+Pv5NahiBzPCCl4AM=
"
cat_img_000062.jpg,"DemgNoXEmRCzbREioaWGYzhuK3MvhTKOixPqS4afOAs=
"
cat_img_000063.jpg,"DemgNoXEmRCzbREioaWGYyQ9bsUpKRMV1XUD2R5FBpg=
"
cat_img_000064.jpg,"DemgNoXEmRCzbREioaWGY00x08yCk1gm84EfbVfSi7Y=
"
cat_img_000065.jpg,"DemgNoXEmRCzbREioaWGY9LyGrzB5CqMIcIPKNF1teY=
"
cat_img_000066.jpg,"DemgNoXEmRCzbREioaWGY16HPrjbjmIkThHkCA5gqVo=
"
cat_img_000067.jpg,"DemgNoXEmRCzbREioaWGY/MEclg6k6OTLiencixX8mU=
"
cat_img_000068.jpg,"DemgNoXEmRCzbREioaWGY+HefOhBBPFd9cQlx7xG84I=
"
cat_img_000069.jpg,"DemgNoXEmRCzbREioaWGYwYcg+vuX/gid5BUixZU4lY=
"
cat_img_000070.jpg,"DemgNoXEmRCzbREioaWGY69Y3ZE3+O4BbF7WanlqBnQ=
"
cat_img_000071.gif,"DemgNoXEmRCzbREioaWGYzLJehymH8QMIrLkvU0BV0w=
"
cat_img_000072.gif,"DemgNoXEmRCzbREioaWGYymS2ZXFQnv+kdbJ9UdkU/Q=
"
cat_img_000073.jpg,"DemgNoXEmRCzbREioaWGY9+Qh8cYz3n2lXa2cLg/qpI=
"
cat_img_000074.jpg,"DemgNoXEmRCzbREioaWGY4Ig+HR7fuqqK7iXMDR47L8=
"
cat_img_000075.jpg,"DemgNoXEmRCzbREioaWGY9wVItD36lhyq9jROp4jFeg=
"
cat_img_000076.jpg,"DemgNoXEmRCzbREioaWGY5qJNiYBDI0Vcn+/tJNnuaI=
"
cat_img_000077.jpg,"DemgNoXEmRCzbREioaWGY4n8Ny65i5ZqvNoLda7hclA=
"
cat_img_000078.jpg,"DemgNoXEmRCzbREioaWGYza/Rs5Vubh5syGFWqxk23A=
"
cat_img_000079.jpg,"DemgNoXEmRCzbREioaWGYyiRn2LndcGq90wlAsBSBbA=
"
cat_img_000080.jpg,"DemgNoXEmRCzbREioaWGY3RvKFDuorS4lY1mWVIh58w=
"
cat_img_000081.jpg,"DemgNoXEmRCzbREioaWGYw2q9qSrKkJ7KzuAHEG0S3g=
"
cat_img_000082.jpg,"DemgNoXEmRCzbREioaWGY5hCNNSe/sR2ShBJyxVFfco=
"
cat_img_000083.gif,"DemgNoXEmRCzbREioaWGYx8dr2tU+s3SAuVSYZd4Wtk=
"
cat_img_000084.jpg,"DemgNoXEmRCzbREioaWGY8xuBQ4EE8cMDz2jCTDWwmI=
"
cat_img_000085.jpg,"DemgNoXEmRCzbREioaWGY460tRGzAAXrpkHM1LE5avM=
"
cat_img_000086.jpg,"DemgNoXEmRCzbREioaWGYwfi3xpj8fiFLD7gysm9rAs=
"
cat_img_000087.jpg,"DemgNoXEmRCzbREioaWGYzp9iJVB/Te3uDerRDnA8ms=
"
cat_img_000088.jpg,"DemgNoXEmRCzbREioaWGY7lQOcZ/K0NiH7ZXHrd1Ez8=
"
cat_img_000089.jpg,"DemgNoXEmRCzbREioaWGY42fVv3BRwWuo+KTmFEI6Ks=
"
cat_img_000090.jpg,"DemgNoXEmRCzbREioaWGYz/T6VysizWkZlhitHwY79w=
"
cat_img_000091.jpg,"DemgNoXEmRCzbREioaWGY9TZO4R9SxAmdJ2owGWsfO4=
"
cat_img_000092.jpg,"DemgNoXEmRCzbREioaWGY/NaDFOGP838NkLo2vpdL6o=
"
cat_img_000093.jpg,"DemgNoXEmRCzbREioaWGY8CfHdDZNh6/uakUl14HmFk=
"
cat_img_000094.gif,"DemgNoXEmRCzbREioaWGY0edb1HMXnEzid+5ZWl8iJ0=
"
cat_img_000095.jpg,"DemgNoXEmRCzbREioaWGY+SLzygG3xOuqymAUPI0zCs=
"
cat_img_000096.jpg,"DemgNoXEmRCzbREioaWGY+vyjOWARAsjYiMX8AdIcsM=
"
cat_img_000097.jpg,"DemgNoXEmRCzbREioaWGY0z+5pntAahmAzrj7Hak8/0=
"
cat_img_000098.jpg,"DemgNoXEmRCzbREioaWGYx+Xiqsl6b7AUJxMdWLh4OU=
"
cat_img_000099.jpg,"DemgNoXEmRCzbREioaWGY3PwwnWz2jKdut1hWMgNykY=
"
cat_img_000100.jpg,"DemgNoXEmRCzbREioaWGY4FqG1ruh2U+0bRpH9qC+EM=
"
cat_img_000101.jpg,"DemgNoXEmRCzbREioaWGY+Z5e3afQ/EfSdDFb75dT0Y=
"
cat_img_000102.jpg,"DemgNoXEmRCzbREioaWGY1PkhUq+sGVGVuibchfNLVU=
"
cat_img_000103.jpg,"DemgNoXEmRCzbREioaWGY/VOmvpxuR6Hc8xHdIUEQJk=
"
cat_img_000104.gif,"DemgNoXEmRCzbREioaWGY519Lt+u48FfvKxD4d9UZrY=
"
cat_img_000105.gif,"DemgNoXEmRCzbREioaWGY2SH1Kt0EW9xQNcICu8Op+o=
"
cat_img_000106.jpg,"DemgNoXEmRCzbREioaWGY5boZg1V8eRlPivRUBC/Fc8=
"
cat_img_000107.jpg,"DemgNoXEmRCzbREioaWGYwV0Sz3Iq7cP2PHiD166/24=
"
cat_img_000108.jpg,"DemgNoXEmRCzbREioaWGY6ce+dQcnmuMS6nkwxG2+L4=
"
cat_img_000109.jpg,"DemgNoXEmRCzbREioaWGY59l4P9DPOquB46SOkXOlTM=
"
cat_img_000110.jpg,"DemgNoXEmRCzbREioaWGY1KpHVnXsXkXqwkgtwEyMXI=
"
cat_img_000111.jpg,"DemgNoXEmRCzbREioaWGYz0eS2/lEL4pebz0wePSzo8=
"
cat_img_000112.jpg,"DemgNoXEmRCzbREioaWGY3nqD3VUQ2UTZ8rMrfOyWDY=
"
cat_img_000113.jpg,"DemgNoXEmRCzbREioaWGY65MzdJ6A0VsmK8W8IYPBpQ=
"
cat_img_000114.jpg,"DemgNoXEmRCzbREioaWGY4DfqPx2ANNofKqHqoog6mA=
"
cat_img_000115.jpg,"DemgNoXEmRCzbREioaWGY6+LrVLJYdsjFsAmprz7VJE=
"
cat_img_000116.gif,"DemgNoXEmRCzbREioaWGY1YaX0+d2EOi058sTXa7b8E=
"
cat_img_000117.jpg,"DemgNoXEmRCzbREioaWGY+/TzIXJxXdMlVmrhPZIdcg=
"
cat_img_000118.jpg,"DemgNoXEmRCzbREioaWGY2Jsi2swWRx7Ywq/+jiejU8=
"
cat_img_000119.jpg,"DemgNoXEmRCzbREioaWGY88v18PUK2zGJacDPzq8Al0=
"
cat_img_000120.jpg,"DemgNoXEmRCzbREioaWGY9bQAH3lL3JC4ZYox+0J9kQ=
"
cat_img_000121.jpg,"DemgNoXEmRCzbREioaWGY7B5Sl+HVDBuIT6SAh77k+A=
"
cat_img_000122.jpg,"DemgNoXEmRCzbREioaWGY6E0K+aLoak729Kc7DYTnDw=
"
cat_img_000123.jpg,"DemgNoXEmRCzbREioaWGY+a8HswU2OxywLMrQNDDvOw=
"
cat_img_000124.jpg,"DemgNoXEmRCzbREioaWGY0S5R0Gh6TDHHct7jILrm8c=
"
cat_img_000125.jpg,"DemgNoXEmRCzbREioaWGY77fRhwST2tlT6MThg1dXNs=
"
cat_img_000126.jpg,"DemgNoXEmRCzbREioaWGY0g1p32XdqYVVgWohjrgECs=
"
cat_img_000127.jpg,"DemgNoXEmRCzbREioaWGY7/UQHz/OAUmwCr84ITW5N4=
"
cat_img_000128.jpg,"DemgNoXEmRCzbREioaWGY6lHPFcUYyXDx/Attt5CLMY=
"
cat_img_000129.jpg,"DemgNoXEmRCzbREioaWGY1NZi1r5cAAjOPh/JYW1+ZE=
"
cat_img_000130.jpg,"DemgNoXEmRCzbREioaWGY1ZCytgOqJ5q6wZgPJf5kL4=
"
cat_img_000131.jpg,"DemgNoXEmRCzbREioaWGYxng4zMnQut2Cdn76NYESE0=
"
cat_img_000132.jpg,"DemgNoXEmRCzbREioaWGYyRb33o6MCTLtWYoKx0ZrK0=
"
cat_img_000133.jpg,"DemgNoXEmRCzbREioaWGY4E12/9GI8pMAA4H6gKa9ik=
"
cat_img_000134.jpg,"DemgNoXEmRCzbREioaWGY9/zcbNWvgGgbxzyeJ52rXQ=
"
cat_img_000135.jpg,"DemgNoXEmRCzbREioaWGYwdsY/QTDei4PFgeG3zwdk0=
"
cat_img_000136.jpg,"DemgNoXEmRCzbREioaWGYx5NLSWnF5fdWVPJ6hNIzDE=
"
cat_img_000137.jpg,"DemgNoXEmRCzbREioaWGY4vmmgQDBLRsmttLcOZsHN8=
"
cat_img_000138.jpg,"DemgNoXEmRCzbREioaWGY6jeaUrtO2djjvoMF/LeMZg=
"
cat_img_000139.jpg,"DemgNoXEmRCzbREioaWGY22TAtXngBBUo2qNhmz4pxM=
"
cat_img_000140.jpg,"DemgNoXEmRCzbREioaWGY7YoasN7AoNPY3gDV2wwiyo=
"
cat_img_000141.jpg,"DemgNoXEmRCzbREioaWGY1U3ysS6fQYwgCes4LYY2xo=
"
cat_img_000142.jpg,"DemgNoXEmRCzbREioaWGY2kqpF1i+BVUwWCw+JcKpwY=
"
cat_img_000143.jpg,"DemgNoXEmRCzbREioaWGY8A0yCY/IkSyb+hIGGKv0/A=
"
cat_img_000144.jpg,"DemgNoXEmRCzbREioaWGY5OWtgi7xsgjMZ62VqlR4z0=
"
cat_img_000145.jpg,"DemgNoXEmRCzbREioaWGY7xQwfHI+hyffaX87DHLCEA=
"
cat_img_000146.jpg,"DemgNoXEmRCzbREioaWGY0zk2FsYaiUFjdK6VsNWSro=
"
cat_img_000147.jpg,"DemgNoXEmRCzbREioaWGY0YGv1mThHdlwZrSwxhVvCc=
"
cat_img_000148.gif,"DemgNoXEmRCzbREioaWGY/ZY1DTlosc5giQnJe+lKec=
"
cat_img_000149.gif,"DemgNoXEmRCzbREioaWGY6Hm+rUupS2oePISCld7QBk=
"
cat_img_000150.gif,"DemgNoXEmRCzbREioaWGYyUMbY7gvl9LT8cn8fRkkyU=
"
cat_img_000151.jpg,"DemgNoXEmRCzbREioaWGY8bGKxEG/0AJfm2S/Z2iPJo=
"
cat_img_000152.jpg,"DemgNoXEmRCzbREioaWGY1jXvQQ897XXT9TImI094r0=
"
cat_img_000153.jpg,"DemgNoXEmRCzbREioaWGYzmzchZFEBldXCQz1DcRoiU=
"
cat_img_000154.png,"DemgNoXEmRCzbREioaWGY2UPbZ7ZX4bi3W/rb61iZTw=
"
cat_img_000155.gif,"DemgNoXEmRCzbREioaWGY2X63qg2Q8hSW7yzxUwo4oI=
"
cat_img_000156.gif,"DemgNoXEmRCzbREioaWGY9X8n54XhKCQnsGfT4/1J+w=
"
cat_img_000157.jpg,"DemgNoXEmRCzbREioaWGY5546ZJPaOjpUFLm11Zc0yY=
"
cat_img_000158.jpg,"DemgNoXEmRCzbREioaWGYySAALYx8N902LR/zkUq4VY=
"
cat_img_000159.jpg,"DemgNoXEmRCzbREioaWGYzXTCCnV547AyKiefzBJma8=
"
dog_img_000160.jpg,"HUd7Y1GaCED331gUSHI/avX4CWxjzu+hXvxQLkAtMsY=
"
dog_img_000161.jpg,"HUd7Y1GaCED331gUSHI/au2PN5NzIxbQ/t+nsjqDfUc=
"
dog_img_000162.jpg,"HUd7Y1GaCED331gUSHI/aoGEFW8sFncZ+G38YEq4nmo=
"
dog_img_000163.jpg,"HUd7Y1GaCED331gUSHI/akPKsJYl+qD2Tt/p1KLFtRQ=
"
dog_img_000164.jpg,"HUd7Y1GaCED331gUSHI/alGJhoTT5OPFFd7L+UUjHgw=
"
dog_img_000165.jpg,"HUd7Y1GaCED331gUSHI/ahHsHeIF3f4jCbXF2Uo8yrc=
"
dog_img_000166.jpg,"HUd7Y1GaCED331gUSHI/aptY+pi0YqLqVzmMskol1K4=
"
dog_img_000167.jpg,"HUd7Y1GaCED331gUSHI/agUZrWm0fIRJTWxV1B8Wjcw=
"
dog_img_000168.jpg,"HUd7Y1GaCED331gUSHI/anBOm+mCVZHRyzEOSriMfH0=
"
dog_img_000169.png,"HUd7Y1GaCED331gUSHI/aoGhpMBWvdnu5rJM2xa9fSo=
"
dog_img_000170.jpg,"HUd7Y1GaCED331gUSHI/aqNbqhftHNZ2lWX4YICI3HE=
"
dog_img_000171.jpg,"HUd7Y1GaCED331gUSHI/ag/vGiP2b9gCYZRLy4g0qTQ=
"
dog_img_000172.jpg,"HUd7Y1GaCED331gUSHI/akbuYIkUAymFJx2dOTORook=
"
dog_img_000173.png,"HUd7Y1GaCED331gUSHI/alTvygsA7pX2B9YfHm1HkN8=
"
dog_img_000174.jpg,"HUd7Y1GaCED331gUSHI/apFmoj7F7XLDO7qqsoYcpd8=
"
dog_img_000175.jpg,"HUd7Y1GaCED331gUSHI/as7Op07an31SFnLWLm0A1HM=
"
dog_img_000176.jpg,"HUd7Y1GaCED331gUSHI/aiv1OU/NJoA2w51bSSHoBhw=
"
dog_img_000177.jpg,"HUd7Y1GaCED331gUSHI/asxJ0SxFuqccC50QYLm7DA0=
"
dog_img_000178.jpg,"HUd7Y1GaCED331gUSHI/an3GxyGsT8uS8XhoUQCCF0M=
"
dog_img_000179.jpg,"HUd7Y1GaCED331gUSHI/atUbl4gus8viVJ5H1AjB5LQ=
"
dog_img_000180.jpg,"HUd7Y1GaCED331gUSHI/an5El8+zR82Sa15YMTck5HY=
"
dog_img_000181.jpg,"HUd7Y1GaCED331gUSHI/aniWvH0FEKwn3nQZSmunZ9c=
"
dog_img_000182.jpg,"HUd7Y1GaCED331gUSHI/aoOoxSRspj1I5vuKPEiWeX0=
"
dog_img_000183.jpg,"HUd7Y1GaCED331gUSHI/as05zgKf3HES3zquL0hILyA=
"
dog_img_000184.jpg,"HUd7Y1GaCED331gUSHI/asme0NKpeX+HHg2lnvWyy7w=
"
dog_img_000185.jpg,"HUd7Y1GaCED331gUSHI/avO3NuK0Q5iuFvAPTPxlDFs=
"
dog_img_000186.jpg,"HUd7Y1GaCED331gUSHI/al0V5z35oYZ3xHOsfH4f9Rw=
"
dog_img_000187.jpg,"HUd7Y1GaCED331gUSHI/ahvCsFNrVry3meUADpQfIc8=
"
dog_img_000188.jpg,"HUd7Y1GaCED331gUSHI/aiKPPgjFelhQx7wAV/3M2xs=
"
dog_img_000189.jpg,"HUd7Y1GaCED331gUSHI/aiorz7cAVWLw0VU1EWa40ig=
"
dog_img_000190.jpg,"HUd7Y1GaCED331gUSHI/aoPS653MhfG0RWSEVLhvex0=
"
dog_img_000191.jpg,"HUd7Y1GaCED331gUSHI/apn80Qo37Gs1bsfdEJ+cFUk=
"
dog_img_000192.jpg,"HUd7Y1GaCED331gUSHI/as8EvEaV4hmvJlHUz3bVWc8=
"
dog_img_000193.jpg,"HUd7Y1GaCED331gUSHI/amMSnA5tdalQDYH+plPndTA=
"
dog_img_000194.jpg,"HUd7Y1GaCED331gUSHI/ah/1wqmKZ5ySpLn3XaJFIYA=
"
dog_img_000195.jpg,"HUd7Y1GaCED331gUSHI/ahCksdBj4S6qpVZ6ftHXgfg=
"
dog_img_000196.jpg,"HUd7Y1GaCED331gUSHI/am5Q6gxfu9ujRPeQsHm+wUU=
"
dog_img_000197.jpg,"HUd7Y1GaCED331gUSHI/aqWbitlkFxOHasvtOk/UfC0=
"
dog_img_000198.jpg,"HUd7Y1GaCED331gUSHI/aseJQ9SddchFHcg7P2BCaFc=
"
dog_img_000199.jpg,"HUd7Y1GaCED331gUSHI/apHdsxgvvDa4DxI1EoqSOrU=
"
dog_img_000200.jpg,"HUd7Y1GaCED331gUSHI/auQ2QOtOILiqMKrdvYVe0lI=
"
dog_img_000201.jpg,"HUd7Y1GaCED331gUSHI/aiKTwXdY9tLuYcE+1i+OW+4=
"
dog_img_000202.jpg,"HUd7Y1GaCED331gUSHI/av6UhQ0ZjaquZY8DHh+l0vQ=
"
dog_img_000203.jpg,"HUd7Y1GaCED331gUSHI/ahGQGIjDiJTT4Ivusp5cO78=
"
dog_img_000204.jpg,"HUd7Y1GaCED331gUSHI/avLtuIT5qAXpMWda1HF6Tpc=
"
dog_img_000205.gif,"HUd7Y1GaCED331gUSHI/alc59yI9b7h1/tQzk+MBTLU=
"
dog_img_000206.jpg,"HUd7Y1GaCED331gUSHI/aq9+remrlagI59dDOdtc/ag=
"
dog_img_000207.jpg,"HUd7Y1GaCED331gUSHI/asMSuq+OdMFulsFvuOH/dck=
"
dog_img_000208.jpg,"HUd7Y1GaCED331gUSHI/avxZdDJBgL2PcsBt25LZ4yw=
"
dog_img_000209.jpg,"HUd7Y1GaCED331gUSHI/anGHsSKCSnS4zOZMPQDJ3Lc=
"
dog_img_000210.jpg,"HUd7Y1GaCED331gUSHI/ar19mkBt+WnBW/GuC5JvbCc=
"
dog_img_000211.jpg,"HUd7Y1GaCED331gUSHI/aq+3ld222rqi1VC69K6J2/8=
"
dog_img_000212.gif,"HUd7Y1GaCED331gUSHI/akKyPwXyu/yRNZE8CHhGoJk=
"
dog_img_000213.jpg,"HUd7Y1GaCED331gUSHI/am0erJKnm0WIESoKCRLZR3U=
"
dog_img_000214.jpg,"HUd7Y1GaCED331gUSHI/aiXrDDfQqUpRIkS1DE7jMQI=
"
dog_img_000215.jpg,"HUd7Y1GaCED331gUSHI/auNaGyUB3AderS7iumjZW2A=
"
dog_img_000216.jpg,"HUd7Y1GaCED331gUSHI/avqLQ0kxlPDs7qnUAzAcx0I=
"
dog_img_000217.jpg,"HUd7Y1GaCED331gUSHI/agvk8o5gOfVqDvcNmyb+tTE=
"
dog_img_000218.jpg,"HUd7Y1GaCED331gUSHI/ahnGBEkSBKXj/2YDTvROg7w=
"
dog_img_000219.jpg,"HUd7Y1GaCED331gUSHI/avD/OeaYV8dUe+1DzIthArE=
"
dog_img_000220.gif,"HUd7Y1GaCED331gUSHI/alwVgt1ZYEG+io21Qbm9NBI=
"
dog_img_000221.jpg,"HUd7Y1GaCED331gUSHI/akK7M2Ol2LyQ0vxDTP9U5Q4=
"
dog_img_000222.jpg,"HUd7Y1GaCED331gUSHI/ainoRq+tyMXes9WYfwb9urs=
"
dog_img_000223.jpg,"HUd7Y1GaCED331gUSHI/aqwplLkQvtmYLJLZqvt3CCE=
"
dog_img_000224.jpg,"HUd7Y1GaCED331gUSHI/auSY5aL/DIQldm0mTHLrP08=
"
dog_img_000225.jpg,"HUd7Y1GaCED331gUSHI/ap5aXMBuWTROlttuZ34pKuM=
"
dog_img_000226.jpg,"HUd7Y1GaCED331gUSHI/an9/EthHFPnC8ez4f/iLk/M=
"
dog_img_000227.gif,"HUd7Y1GaCED331gUSHI/aswjU64SaQz8v9NH/gvPWlo=
"
dog_img_000228.jpg,"HUd7Y1GaCED331gUSHI/am0+lnAr90EGBPtYMMAvvJY=
"
dog_img_000229.gif,"HUd7Y1GaCED331gUSHI/aiSjZtz6v/Jx4ZS81eNM43o=
"
dog_img_000230.gif,"HUd7Y1GaCED331gUSHI/anb41qtzWNVTryDiiWuNT9E=
"
dog_img_000231.jpg,"HUd7Y1GaCED331gUSHI/al5JKIPRDJNARNquGD6zlX0=
"
dog_img_000232.jpg,"HUd7Y1GaCED331gUSHI/auzFhVYTBDW94kHeZxqroL4=
"
dog_img_000233.jpg,"HUd7Y1GaCED331gUSHI/am1/N8RmFaQLn5Vl16OvQpc=
"
dog_img_000234.jpg,"HUd7Y1GaCED331gUSHI/akdnm6UrStPAkyBm0NdWMAQ=
"
dog_img_000235.jpg,"HUd7Y1GaCED331gUSHI/alPW8RPcEPyb8AMncXdjQl8=
"
dog_img_000236.jpg,"HUd7Y1GaCED331gUSHI/akXTzu8YfFwibZUFjMG7TMQ=
"
dog_img_000237.jpg,"HUd7Y1GaCED331gUSHI/amuCVrn4gYvGmFyFlX2uBtc=
"
dog_img_000238.jpg,"HUd7Y1GaCED331gUSHI/alsSRkxHeeidgDHWy0dBh6c=
"
dog_img_000239.jpg,"HUd7Y1GaCED331gUSHI/arFWn1I3a5YIFHKRJ83lwGE=
"
dog_img_000240.gif,"HUd7Y1GaCED331gUSHI/agse87LKlDSohE3F9b0oowY=
"
dog_img_000241.jpg,"HUd7Y1GaCED331gUSHI/am+Esj2TmpvTf+gs//CiAAs=
"
dog_img_000242.jpg,"HUd7Y1GaCED331gUSHI/arCLlYq5MdRSZ04RVBklhv8=
"
dog_img_000243.jpg,"HUd7Y1GaCED331gUSHI/ajiMrBvbdry2BS72AooWzbE=
"
dog_img_000244.jpg,"HUd7Y1GaCED331gUSHI/aklKr1az23vaf27Rqy3XBno=
"
dog_img_000245.jpg,"HUd7Y1GaCED331gUSHI/ajQZZU+ociTltq+bMHGMAb4=
"
dog_img_000246.jpg,"HUd7Y1GaCED331gUSHI/asP3Fjv8d/0R/ArzCMjjdZo=
"
dog_img_000247.jpg,"HUd7Y1GaCED331gUSHI/as+JAVfSL4Wn/ra1B1DZnJQ=
"
dog_img_000248.jpg,"HUd7Y1GaCED331gUSHI/aou9S+Ydo1herUw9NWnZwO4=
"
dog_img_000249.jpg,"HUd7Y1GaCED331gUSHI/aiSG01ba+m/dfd1UUdms61o=
"
dog_img_000250.jpg,"HUd7Y1GaCED331gUSHI/am5H0flLxv7QztClOPw0a2g=
"
dog_img_000251.jpg,"HUd7Y1GaCED331gUSHI/akgtA2jerILLU7SM0mSlqSA=
"
dog_img_000252.jpg,"HUd7Y1GaCED331gUSHI/aoGkzp+7ptGIK4b5TozpKKQ=
"
dog_img_000253.jpg,"HUd7Y1GaCED331gUSHI/ao6pUqi8uJEEN1TvIscRuhQ=
"
dog_img_000254.jpg,"HUd7Y1GaCED331gUSHI/aikfJJNw2UAPvQQzPnF5rl4=
"
dog_img_000255.jpg,"HUd7Y1GaCED331gUSHI/akT7s0SmFEMqWJIWEQKfVgM=
"
dog_img_000256.jpg,"HUd7Y1GaCED331gUSHI/asob/+gGXeSqt/7H1c6OQWc=
"
dog_img_000257.jpg,"HUd7Y1GaCED331gUSHI/av110PoIPZQqCcbzQ6wZdBA=
"
dog_img_000258.jpg,"HUd7Y1GaCED331gUSHI/aied3zVR+V2uMV3Pr8xIIbg=
"
dog_img_000259.jpg,"HUd7Y1GaCED331gUSHI/at5SSlQq9QR+ajm/1oDlusI=
"
dog_img_000260.jpg,"HUd7Y1GaCED331gUSHI/ahLNsZvmazkoFMTkzgTLEuM=
"
dog_img_000261.jpg,"HUd7Y1GaCED331gUSHI/as3XMW+Po76AUk91//+NN9M=
"
dog_img_000262.jpg,"HUd7Y1GaCED331gUSHI/ag++H0s+FHGaq+P/WSkTa/s=
"
dog_img_000263.jpg,"HUd7Y1GaCED331gUSHI/ar5CICQGfpcKJ0VheG+Kqng=
"
dog_img_000264.jpg,"HUd7Y1GaCED331gUSHI/at92A82TguBFtPlySB6ux4M=
"
dog_img_000265.jpg,"HUd7Y1GaCED331gUSHI/amKbxjjM83Fh3uTBB1j0b1g=
"
dog_img_000266.jpg,"HUd7Y1GaCED331gUSHI/anOwUc2TNId1y1lesD3Vf3I=
"
dog_img_000267.jpg,"HUd7Y1GaCED331gUSHI/avfUiBLLpKf5/4LmXVIBj1o=
"
dog_img_000268.jpg,"HUd7Y1GaCED331gUSHI/aghCZOMaMRT9tI6z4yk4TIc=
"
dog_img_000269.jpg,"HUd7Y1GaCED331gUSHI/aowzotryDwU7/ycvorCFYNs=
"
dog_img_000270.jpg,"HUd7Y1GaCED331gUSHI/avfDULwH4jZVvFGyjS2im98=
"
dog_img_000271.jpg,"HUd7Y1GaCED331gUSHI/apeb5m5zX7mt2bI9c0V/9HI=
"
dog_img_000272.jpg,"HUd7Y1GaCED331gUSHI/ajpmRETDp4qp0UvhxDuNQyU=
"
dog_img_000273.jpg,"HUd7Y1GaCED331gUSHI/ahXwCCYd5yEzYo0tf+pKFFw=
"
dog_img_000274.jpg,"HUd7Y1GaCED331gUSHI/aqzAwfHX/utLPTyeMNuJmsE=
"
dog_img_000275.jpg,"HUd7Y1GaCED331gUSHI/auXMBbpB8yGE5OqAZTfA9iM=
"
dog_img_000276.jpg,"HUd7Y1GaCED331gUSHI/aphoncbSvmoEBGNYkd9AE9k=
"
dog_img_000277.jpg,"HUd7Y1GaCED331gUSHI/auq1+zUkuN9TkUvHGw3cQl8=
"
dog_img_000278.jpg,"HUd7Y1GaCED331gUSHI/avQT7896XT9y6xQ4qupQFRs=
"
dog_img_000279.jpg,"HUd7Y1GaCED331gUSHI/at5qdeqQ3YKSfYZysc0YFvY=
"
dog_img_000280.jpg,"HUd7Y1GaCED331gUSHI/aglyJ9Q3ra2UFLBxdPZ6ZH8=
"
dog_img_000281.jpg,"HUd7Y1GaCED331gUSHI/ak7hXl31+b9y8q1kz7L/cYQ=
"
dog_img_000282.jpg,"HUd7Y1GaCED331gUSHI/apl7Y8zPNfb43aJjtH5sz9o=
"
dog_img_000283.jpg,"HUd7Y1GaCED331gUSHI/amH7AO4nV5Q6jAOZ60TR5fo=
"
dog_img_000284.gif,"HUd7Y1GaCED331gUSHI/asJNVUSY2Gp8gw+NuggaGnY=
"
dog_img_000285.jpg,"HUd7Y1GaCED331gUSHI/aiE0tq2am02Vya0bpklnW3Y=
"
dog_img_000286.jpg,"HUd7Y1GaCED331gUSHI/aqI1upkGtjUXDoeCdJqOqOo=
"
dog_img_000287.jpg,"HUd7Y1GaCED331gUSHI/amTUf5MHV09OS+wOEsKyhvI=
"
dog_img_000288.jpg,"HUd7Y1GaCED331gUSHI/al3abzYgEaw0K6EtJb5/W48=
"
dog_img_000289.jpg,"HUd7Y1GaCED331gUSHI/anacaXU0Rw0V/lBVUHMfzAQ=
"
dog_img_000290.jpg,"HUd7Y1GaCED331gUSHI/ao3RFpSkucfbUWxZrsQ0Hc0=
"
dog_img_000291.jpg,"HUd7Y1GaCED331gUSHI/alyvd4DTCiqlwcRsa6ZwArU=
"
dog_img_000292.jpg,"HUd7Y1GaCED331gUSHI/apOoes5pPlS5EHfZbmBjikM=
"
dog_img_000293.jpg,"HUd7Y1GaCED331gUSHI/apngJyEudVOWisIwt6u/Adk=
"
dog_img_000294.jpg,"HUd7Y1GaCED331gUSHI/ahbbx58qKHjR3iSlMqZBKC4=
"
dog_img_000295.jpg,"HUd7Y1GaCED331gUSHI/akfql/+DQztOxWmuh7VN11U=
"
dog_img_000296.jpg,"HUd7Y1GaCED331gUSHI/agodIT1O93HbzozVbc9RuQ0=
"
dog_img_000297.jpg,"HUd7Y1GaCED331gUSHI/arikysMF8oaqrLiaUjZVaX8=
"
dog_img_000298.jpg,"HUd7Y1GaCED331gUSHI/agqqpCkG+iUoSF6jIcSFNdU=
"
dog_img_000299.jpg,"HUd7Y1GaCED331gUSHI/amkb5PSpbjP8dmxtnkpq+Gc=
"
dog_img_000300.gif,"HUd7Y1GaCED331gUSHI/aiOGKbOKo0WD2potM6fVFJk=
"
dog_img_000301.jpg,"HUd7Y1GaCED331gUSHI/aujqZjVwGgUQk3iNp0NqAeM=
"
dog_img_000302.jpg,"HUd7Y1GaCED331gUSHI/arEbB4uq1sVj1egqYrWiXKA=
"
dog_img_000303.jpg,"HUd7Y1GaCED331gUSHI/aqBH7Cf691Rprmb+3smFnSs=
"
dog_img_000304.jpg,"HUd7Y1GaCED331gUSHI/aoQ88uJQrW1ISY5ZVmncx1U=
"
dog_img_000305.jpg,"HUd7Y1GaCED331gUSHI/akQlPQ7f71+qM5pUPLTycWE=
"
dog_img_000306.jpg,"HUd7Y1GaCED331gUSHI/ag/gbYxTahACisPixaNH+vY=
"
dog_img_000307.jpg,"HUd7Y1GaCED331gUSHI/ah0tQ8Xxvh2rmh4UJq/QwIA=
"
dog_img_000308.jpg,"HUd7Y1GaCED331gUSHI/anssEtE+ZjSm/tgIkRM2+oI=
"
dog_img_000309.gif,"HUd7Y1GaCED331gUSHI/arrqHHqY5xmgbgviSa7VaiQ=
"
dog_img_000310.jpg,"HUd7Y1GaCED331gUSHI/ajwbod+FHu/dEAgzrw7+5rc=
"
dog_img_000311.gif,"HUd7Y1GaCED331gUSHI/avP2S2cXjGtxqBi5bpwZyrI=
"
dog_img_000312.jpg,"HUd7Y1GaCED331gUSHI/arX9K8gOQSTSkpmCiO7wtJo=
"
dog_img_000313.jpg,"HUd7Y1GaCED331gUSHI/aqSiAEC0uIEdm6uYUsuu1C0=
"
dog_img_000314.jpg,"HUd7Y1GaCED331gUSHI/amFne03VJPWegfVEfdg3YB0=
"
dog_img_000315.jpg,"HUd7Y1GaCED331gUSHI/atDd4DDSVtIDT+eid8BdWT8=
"
dog_img_000316.jpg,"HUd7Y1GaCED331gUSHI/ao5zOyrz86GO+Rb9zEaC6ZA=
"
dog_img_000317.jpg,"HUd7Y1GaCED331gUSHI/ardvCSFIUO5forrOWivCMas=
"
dog_img_000318.jpg,"HUd7Y1GaCED331gUSHI/aqMOJ6T+AiLW5gQzG+uZdro=
"
dog_img_000319.jpg,"HUd7Y1GaCED331gUSHI/ahurZRfoAHiNw3K7s6TsOsk=
"
flag_000320.jpg,"+pN+sd0deilTncbTrttiYHBdbMpfyn3HhnD3pVlZC14=
"
flag_000321.jpg,"+pN+sd0deilTncbTrttiYGor157x0fFr3aF/HXpyurw=
"
flag_000322.jpg,"+pN+sd0deilTncbTrttiYD5AaLytjPHQSzqDXKIFKqk=
"
flag_000323.jpg,"+pN+sd0deilTncbTrttiYJoVSSsloT35IEneZhyJLOg=
"
flag_000324.jpg,"+pN+sd0deilTncbTrttiYFtTb/zMmhfspCJ0/YD7Y+k=
"
flag_000325.jpg,"+pN+sd0deilTncbTrttiYL1Ds1oSS7t2OabJxrpUhFU=
"
flag_000326.jpg,"+pN+sd0deilTncbTrttiYFuxNhD4dVb/yYuSMAQiXsI=
"
flag_000327.jpg,"+pN+sd0deilTncbTrttiYBhzFsMb4PQ1rrpWfUMgMQA=
"
flag_000328.jpg,"+pN+sd0deilTncbTrttiYJfn9X7QBFt4Bu/187mYZDs=
"
flag_000329.jpg,"+pN+sd0deilTncbTrttiYLRbnsANBUSAiqkeWPvW/NE=
"
flag_000330.jpg,"+pN+sd0deilTncbTrttiYNHebqbUvYC68ScQCxVOsAQ=
"
flag_000331.jpg,"+pN+sd0deilTncbTrttiYEWMmTKgH/kPutrLUQ9uuVM=
"
flag_000332.jpg,"+pN+sd0deilTncbTrttiYA6R+llxz9marFb8h5KcXKc=
"
flag_000333.jpg,"+pN+sd0deilTncbTrttiYBEb4+EekQOhJ7EuJdCDhPA=
"
flag_000334.jpg,"+pN+sd0deilTncbTrttiYLG+nn2RB4TSmJgpfo3yoqg=
"
flag_000335.jpg,"+pN+sd0deilTncbTrttiYE57kfbLswb3kN+IARQJ5EM=
"
flag_000336.jpg,"+pN+sd0deilTncbTrttiYP+YJLh54+ZXdwmozSBfCiM=
"
flag_000337.jpg,"+pN+sd0deilTncbTrttiYHMI46NJ5nbHGl6yg0btv0E=
"
flag_000338.jpg,"+pN+sd0deilTncbTrttiYIs/Uo6qwud2gYTerMGorqc=
"
flag_000339.jpg,"+pN+sd0deilTncbTrttiYCDz9n0BOgNfWizUA+aQPSQ=
"
flag_000340.jpg,"+pN+sd0deilTncbTrttiYPPp6r5Mc4kMrG/2G4J8ykI=
"
flag_000341.jpg,"+pN+sd0deilTncbTrttiYPG85sZGqmZ6QAwZO1SNuCw=
"
flag_000342.jpg,"+pN+sd0deilTncbTrttiYMBp7Tpf+sr9+5kZNXdmzG4=
"
flag_000343.jpg,"+pN+sd0deilTncbTrttiYCyE0ANY4XY5deQbViF5bTE=
"
flag_000344.jpg,"+pN+sd0deilTncbTrttiYKDYpZTY7aO/sazdy9mEfNs=
"
flag_000345.jpg,"+pN+sd0deilTncbTrttiYDUcUDQe+mpvrCkD4WD/8iY=
"
flag_000346.jpg,"+pN+sd0deilTncbTrttiYH5I/fTlrYYRayA2E2nv8Io=
"
flag_000347.jpg,"+pN+sd0deilTncbTrttiYDypN5TSq1y0Q4I4soj16bg=
"
flag_000348.jpg,"+pN+sd0deilTncbTrttiYLerLOHELoAQmJLJ+PrTLrg=
"
flag_000349.jpg,"+pN+sd0deilTncbTrttiYLe9yrgGqAp5fMlmxDDybBY=
"
flag_000350.jpg,"+pN+sd0deilTncbTrttiYKu/766hVQrUhvlB2auzNBY=
"
flag_000351.jpg,"+pN+sd0deilTncbTrttiYOQGtMCxSHKafmnbl0WugB4=
"
flag_000352.jpg,"+pN+sd0deilTncbTrttiYEuDokM1Rfj4wjWyg5gMim8=
"
flag_000353.jpg,"+pN+sd0deilTncbTrttiYFgJtv4D8lagN1mS/EvOTuk=
"
flag_000354.jpg,"+pN+sd0deilTncbTrttiYFCe1ty3JroujVLmDWHK9+g=
"
flag_000355.jpg,"+pN+sd0deilTncbTrttiYEfVPRCk6vSM+QV9l+85q18=
"
flag_000356.jpg,"+pN+sd0deilTncbTrttiYIaidLIBAZ4j5hHcn7fQpfQ=
"
flag_000357.jpg,"+pN+sd0deilTncbTrttiYOYweSWOwurhNKcQucIIBp4=
"
flag_000358.jpg,"+pN+sd0deilTncbTrttiYO190FK7HuLdv8Ebpz5JVqo=
"
flag_000359.jpg,"+pN+sd0deilTncbTrttiYMnOfccDnjvcsFKP2J1KktE=
"
flag_000360.jpg,"+pN+sd0deilTncbTrttiYE+lA3Y05iY4Bf+rcpjRUvk=
"
flag_000361.jpg,"+pN+sd0deilTncbTrttiYEoK8kv6Syo3vbRxjogiisA=
"
flag_000362.jpg,"+pN+sd0deilTncbTrttiYMbsVeO1fCGSJeWXVjdzZMs=
"
flag_000363.jpg,"+pN+sd0deilTncbTrttiYD9pTxupHRy35lgJ1bhomSI=
"
flag_000364.jpg,"+pN+sd0deilTncbTrttiYEuWCM7+c9ca2slm9K/33VY=
"
flag_000365.jpg,"+pN+sd0deilTncbTrttiYJS2s1vj/XGptZ00GrqiYrw=
"
flag_000366.jpg,"+pN+sd0deilTncbTrttiYOR4Hzaag3B0IQlMFBs6NqU=
"
flag_000367.jpg,"+pN+sd0deilTncbTrttiYDTZIabub0V45z4UMxcDCNI=
"
flag_000368.jpg,"+pN+sd0deilTncbTrttiYF9th5lu2e6oz0l9kYkcwf8=
"
flag_000369.jpg,"+pN+sd0deilTncbTrttiYEKe+B8XL5sLVAgRY4gTfJY=
"
flag_000370.jpg,"+pN+sd0deilTncbTrttiYFjfP9/uehwSJ50FAYMFRwk=
"
flag_000371.jpg,"+pN+sd0deilTncbTrttiYNKNBmo7L4llLBT/aXmEFuA=
"
flag_000372.jpg,"+pN+sd0deilTncbTrttiYIbfRyRz3d56MgUDO++PNr8=
"
flag_000373.jpg,"+pN+sd0deilTncbTrttiYJqWu7hbP5N8hrVRo2+/1ik=
"
flag_000374.jpg,"+pN+sd0deilTncbTrttiYJ74nhndNZgn9CZAgr89cJs=
"
flag_000375.jpg,"+pN+sd0deilTncbTrttiYOjcWyb/EMybIrKvHQSQ7xg=
"
flag_000376.jpg,"+pN+sd0deilTncbTrttiYO3ViTceGrodtERg5zVmcUs=
"
flag_000377.jpg,"+pN+sd0deilTncbTrttiYOhDJNQjH2psPJG20iI3Bi0=
"
flag_000378.jpg,"+pN+sd0deilTncbTrttiYBiwtc9jtOqnJzbyJcyPL4o=
"
flag_000379.jpg,"+pN+sd0deilTncbTrttiYJhtxrPr+bUH5v6VX9iTNPs=
"
flag_000380.jpg,"+pN+sd0deilTncbTrttiYIAP/NIz2nz3C1SKzYr7XZI=
"
flag_000381.jpg,"+pN+sd0deilTncbTrttiYBWuysnnZy4EWE05CudAP8s=
"
flag_000382.jpg,"+pN+sd0deilTncbTrttiYAjLGwVVAe6HGiG/znvtpVI=
"
flag_000383.jpg,"+pN+sd0deilTncbTrttiYPj+595LKjGJswNyYtYh73k=
"
flag_000384.jpg,"+pN+sd0deilTncbTrttiYLiqx0NJ3rdl/WMf84SWybk=
"
flag_000385.jpg,"+pN+sd0deilTncbTrttiYIGxNXiQQ4Y/z34IE7JHl90=
"
flag_000386.jpg,"+pN+sd0deilTncbTrttiYJWbCatImfoLpXPDvN2xwEY=
"
flag_000387.jpg,"+pN+sd0deilTncbTrttiYBjo1n3hiFqUJ8glaaUdlZ8=
"
flag_000388.jpg,"+pN+sd0deilTncbTrttiYJjBHH+pWZ7rsukwJ8p8Hvw=
"
scenery_img_000389.jpg,"SuLoP+tLZdAYAqSOOQfQriEC3nvC8nw0xiVSuJfFmCZKJQl2Txb/uoKH6o/V+Nxk
"
scenery_img_000390.jpg,"SuLoP+tLZdAYAqSOOQfQriEC3nvC8nw0xiVSuJfFmCbnD6od0M3RSUZaBBsUrpvw
"
scenery_img_000391.jpg,"SuLoP+tLZdAYAqSOOQfQriEC3nvC8nw0xiVSuJfFmCY0X9S+uxOUNp6uPxD8jOpJ
"
scenery_img_000392.jpg,"SuLoP+tLZdAYAqSOOQfQriEC3nvC8nw0xiVSuJfFmCYrd6ZNo9Z0lsjct+s4GNfo
"
scenery_img_000393.jpg,"SuLoP+tLZdAYAqSOOQfQriEC3nvC8nw0xiVSuJfFmCa5ur57suvZC9IeHw5csGVg
"
scenery_img_000394.jpg,"SuLoP+tLZdAYAqSOOQfQriEC3nvC8nw0xiVSuJfFmCahS3ouTs3e16Tol+NUwaUv
"
scenery_img_000395.jpg,"SuLoP+tLZdAYAqSOOQfQriEC3nvC8nw0xiVSuJfFmCbCCXbWWLgSxBg4GbjMaad/
"
scenery_img_000396.jpg,"SuLoP+tLZdAYAqSOOQfQriEC3nvC8nw0xiVSuJfFmCbve/XCiiqbnfI4mIaV9SP+
"
scenery_img_000397.jpg,"SuLoP+tLZdAYAqSOOQfQriEC3nvC8nw0xiVSuJfFmCax+PQhFbalKtv1Xf22kT5H
"
scenery_img_000398.jpg,"SuLoP+tLZdAYAqSOOQfQriEC3nvC8nw0xiVSuJfFmCZ2WTuHPvJEbdgvRFhMES69
"
scenery_img_000399.jpg,"SuLoP+tLZdAYAqSOOQfQriEC3nvC8nw0xiVSuJfFmCaO06UxzbWSJlwi0hzUsp+T
"
scenery_img_000400.jpg,"SuLoP+tLZdAYAqSOOQfQrkmXCtpknO6eU1Dxd9hVN7zxLQ7GfXD5FHbL5uWhmZH/
"
scenery_img_000401.jpg,"SuLoP+tLZdAYAqSOOQfQrkmXCtpknO6eU1Dxd9hVN7zewYjyFnxLd83a5nIhDlvB
"
scenery_img_000402.jpg,"SuLoP+tLZdAYAqSOOQfQrkmXCtpknO6eU1Dxd9hVN7wsRp37pr3FTZ/rE1yaOhPO
"
scenery_img_000403.jpg,"SuLoP+tLZdAYAqSOOQfQrkmXCtpknO6eU1Dxd9hVN7zb4LXrpBEjYxsQrDOJ2oaU
"
scenery_img_000404.jpg,"SuLoP+tLZdAYAqSOOQfQrkmXCtpknO6eU1Dxd9hVN7y5HQ/j7UfUjcy6bVyp3zkW
"
scenery_img_000405.jpg,"SuLoP+tLZdAYAqSOOQfQrkmXCtpknO6eU1Dxd9hVN7x7YSH2aaVhV9QyO0MRClBG
"
scenery_img_000406.jpg,"SuLoP+tLZdAYAqSOOQfQrkmXCtpknO6eU1Dxd9hVN7xkT0fgDbv0dMPllvJ6bUlb
"
scenery_img_000407.jpg,"SuLoP+tLZdAYAqSOOQfQrkmXCtpknO6eU1Dxd9hVN7wwldSO60QRkD6G3KYuZbod
"
scenery_img_000408.jpg,"SuLoP+tLZdAYAqSOOQfQrkmXCtpknO6eU1Dxd9hVN7y7CpFH4evwNaGCjefHEMFA
"
scenery_img_000409.jpg,"SuLoP+tLZdAYAqSOOQfQrkmXCtpknO6eU1Dxd9hVN7z0m2xomKVtCLPupDkHep30
"
scenery_img_000410.jpg,"SuLoP+tLZdAYAqSOOQfQrkmXCtpknO6eU1Dxd9hVN7wWj4xgoRtS9dorftLzUu5k
"
scenery_img_000411.jpg,"SuLoP+tLZdAYAqSOOQfQrkmXCtpknO6eU1Dxd9hVN7wCs5dsx3QKICsb6V+fz3aw
"
scenery_img_000412.jpg,"SuLoP+tLZdAYAqSOOQfQrkmXCtpknO6eU1Dxd9hVN7zjgaub6k7hzA9cNZy1alar
"
scenery_img_000413.jpg,"SuLoP+tLZdAYAqSOOQfQrkmXCtpknO6eU1Dxd9hVN7xODWfxF6u8nDmyuSubxp2i
"
scenery_img_000414.jpg,"SuLoP+tLZdAYAqSOOQfQrkmXCtpknO6eU1Dxd9hVN7zVYtlfN8ugIbhiJ3gHxIHY
"
scenery_img_000415.jpg,"SuLoP+tLZdAYAqSOOQfQrkmXCtpknO6eU1Dxd9hVN7zowkTTVhJqYmErhXbFkL1d
"
scenery_img_000416.jpg,"SuLoP+tLZdAYAqSOOQfQrkmXCtpknO6eU1Dxd9hVN7zppqr8/48uaKAOHZdr0bRv
"
scenery_img_000417.jpg,"SuLoP+tLZdAYAqSOOQfQrkmXCtpknO6eU1Dxd9hVN7yA7duw/JZ5Up9g+Tnr/nhF
"
scenery_img_000418.jpg,"SuLoP+tLZdAYAqSOOQfQrkmXCtpknO6eU1Dxd9hVN7zIqlGaJPS5IcUP9lN2xHQy
"
scenery_img_000419.jpg,"SuLoP+tLZdAYAqSOOQfQrkmXCtpknO6eU1Dxd9hVN7z5IMOU/ygQEq8DeF3zX1Vi
"
scenery_img_000420.jpg,"SuLoP+tLZdAYAqSOOQfQrkmXCtpknO6eU1Dxd9hVN7xhKjEBLuHcXpL1/xIlvrE6
"
scenery_img_000421.jpg,"SuLoP+tLZdAYAqSOOQfQrkmXCtpknO6eU1Dxd9hVN7z1dxyZorj/gbEi6nH8mr58
"
scenery_img_000422.jpg,"SuLoP+tLZdAYAqSOOQfQrkmXCtpknO6eU1Dxd9hVN7yUme4JxcOKIaoYUCBMKdDg
"
scenery_img_000423.jpg,"SuLoP+tLZdAYAqSOOQfQrkmXCtpknO6eU1Dxd9hVN7z3eJLrPekbN7Zgu4QLxbU0
"
scenery_img_000424.png,"SuLoP+tLZdAYAqSOOQfQrkmXCtpknO6eU1Dxd9hVN7z4xtTMD0Fvzm1RBkcYy5u8
"
scenery_img_000425.jpg,"SuLoP+tLZdAYAqSOOQfQrkmXCtpknO6eU1Dxd9hVN7xQetgvOdliM/YEoYqN6iuv
"
scenery_img_000426.jpg,"SuLoP+tLZdAYAqSOOQfQrkmXCtpknO6eU1Dxd9hVN7z3dnmVXuQGYm3yyvDWCdVZ
"
scenery_img_000427.jpg,"SuLoP+tLZdAYAqSOOQfQrkmXCtpknO6eU1Dxd9hVN7z82r7rbPr8Vjh41MEOMbMa
"
scenery_img_000428.jpg,"SuLoP+tLZdAYAqSOOQfQrkmXCtpknO6eU1Dxd9hVN7zOXt2ZJsC4dtc/3IiytBqi
"
scenery_img_000429.jpg,"SuLoP+tLZdAYAqSOOQfQrkmXCtpknO6eU1Dxd9hVN7yhBQM2IOC3+Feg1WyHNkpM
"
scenery_img_000430.jpg,"SuLoP+tLZdAYAqSOOQfQrkmXCtpknO6eU1Dxd9hVN7xQVVw0iK7ssV8zVCKymx5L
"
scenery_img_000431.jpg,"SuLoP+tLZdAYAqSOOQfQrkmXCtpknO6eU1Dxd9hVN7zYZoHxLc3i8vUa/lF6JT0M
"
scenery_img_000432.jpg,"SuLoP+tLZdAYAqSOOQfQrkmXCtpknO6eU1Dxd9hVN7ztszHaEK3JRDMyt6IodysI
"
scenery_img_000433.jpg,"SuLoP+tLZdAYAqSOOQfQrkmXCtpknO6eU1Dxd9hVN7wPbdAlG9Zj5v7gEilC3EZX
"
scenery_img_000434.jpg,"SuLoP+tLZdAYAqSOOQfQrkmXCtpknO6eU1Dxd9hVN7zbykl+7ptLhFFQMBlYOCcc
"
scenery_img_000435.png,"SuLoP+tLZdAYAqSOOQfQrkmXCtpknO6eU1Dxd9hVN7xDJXOed1CJ2j/wsP6cl2OH
"
scenery_img_000436.jpg,"SuLoP+tLZdAYAqSOOQfQrkmXCtpknO6eU1Dxd9hVN7yl4n5oCubDbQ9pp3M9OsDo
"
scenery_img_000437.jpg,"SuLoP+tLZdAYAqSOOQfQrkmXCtpknO6eU1Dxd9hVN7z/0OTfrrqLgWjInjkNY6xQ
"
scenery_img_000438.jpg,"SuLoP+tLZdAYAqSOOQfQrkmXCtpknO6eU1Dxd9hVN7yQesS6IHfNyR/jJPlNpTmK
"
scenery_img_000439.jpg,"SuLoP+tLZdAYAqSOOQfQrkmXCtpknO6eU1Dxd9hVN7zQiS0BCRsxZue5M45mKQVE
"
scenery_img_000440.jpg,"SuLoP+tLZdAYAqSOOQfQrkmXCtpknO6eU1Dxd9hVN7yswqAhhcz/aCYuT1R+gZrl
"
scenery_img_000441.jpg,"SuLoP+tLZdAYAqSOOQfQrkmXCtpknO6eU1Dxd9hVN7wr4FEU7o1HCW/08Vq1Y7xe
"
scenery_img_000442.jpg,"SuLoP+tLZdAYAqSOOQfQrkmXCtpknO6eU1Dxd9hVN7wtrptVjMr8B8m0RcomCf//
"
scenery_img_000443.jpg,"SuLoP+tLZdAYAqSOOQfQrkmXCtpknO6eU1Dxd9hVN7zNWpvT+i7mhl/N5tIjBSuA
"
scenery_img_000444.jpg,"SuLoP+tLZdAYAqSOOQfQrkmXCtpknO6eU1Dxd9hVN7z9Ma2l37e4O8kdiAAVbKkc
"
scenery_img_000445.jpg,"SuLoP+tLZdAYAqSOOQfQrkmXCtpknO6eU1Dxd9hVN7zlViLnHwXPvaemOiB96I02
"
scenery_img_000446.jpg,"SuLoP+tLZdAYAqSOOQfQrkmXCtpknO6eU1Dxd9hVN7w8ZeVdZfBNKu9+8gNFFXcm
"
scenery_img_000447.jpg,"SuLoP+tLZdAYAqSOOQfQrkmXCtpknO6eU1Dxd9hVN7xUDcm47+JX9oI4h+uoGXuF
"
scenery_img_000448.jpg,"SuLoP+tLZdAYAqSOOQfQrkmXCtpknO6eU1Dxd9hVN7yYV8ofk4ivjmuILtYuu8Td
"
scenery_img_000449.jpg,"SuLoP+tLZdAYAqSOOQfQrkmXCtpknO6eU1Dxd9hVN7zR2ZVIL2xiCDCVDR3dwZ/1
"
scenery_img_000450.gif,"SuLoP+tLZdAYAqSOOQfQrkmXCtpknO6eU1Dxd9hVN7w7+vNQ72zy+1SMMrMbs1uw
"
scenery_img_000451.jpg,"SuLoP+tLZdAYAqSOOQfQrkmXCtpknO6eU1Dxd9hVN7wkKX/5PGKBAWPDfU8RPVbl
"
scenery_img_000452.jpg,"SuLoP+tLZdAYAqSOOQfQrkmXCtpknO6eU1Dxd9hVN7wA3n08tE9CbK8R/rae6vox
"
scenery_img_000453.jpg,"SuLoP+tLZdAYAqSOOQfQrkmXCtpknO6eU1Dxd9hVN7wUe9eMDrQY6x8jZNjPtRVT
"
scenery_img_000454.jpg,"SuLoP+tLZdAYAqSOOQfQrkmXCtpknO6eU1Dxd9hVN7wLxGkaVKhbi32ROOjHarNl
"
scenery_img_000455.jpg,"SuLoP+tLZdAYAqSOOQfQrkmXCtpknO6eU1Dxd9hVN7zd2DBxp+dM9xkeye4ekVr/
"
scenery_img_000456.gif,"SuLoP+tLZdAYAqSOOQfQrkmXCtpknO6eU1Dxd9hVN7zp2pDb1edxTh+V+udN1xnl
"
scenery_img_000457.jpg,"SuLoP+tLZdAYAqSOOQfQrkmXCtpknO6eU1Dxd9hVN7wANPDuDcLZBlgqyNV2yElt
"
scenery_img_000458.jpg,"SuLoP+tLZdAYAqSOOQfQrkmXCtpknO6eU1Dxd9hVN7zfu4eX0UgCGhYtDcnXbZUw
"
scenery_img_000459.jpg,"SuLoP+tLZdAYAqSOOQfQrkmXCtpknO6eU1Dxd9hVN7wsrB6VZwC5B62hIu3hhoKO
"
scenery_img_000460.jpg,"SuLoP+tLZdAYAqSOOQfQrkmXCtpknO6eU1Dxd9hVN7wouXG+3Rl56W5TZjPeLLAV
"
scenery_img_000461.jpg,"SuLoP+tLZdAYAqSOOQfQrkmXCtpknO6eU1Dxd9hVN7z9cP2/A7335IATSdU6ZyeT
"
scenery_img_000462.jpg,"SuLoP+tLZdAYAqSOOQfQrkmXCtpknO6eU1Dxd9hVN7z2WUuQZtl1kKUikzICezzz
"
scenery_img_000463.jpg,"SuLoP+tLZdAYAqSOOQfQrkmXCtpknO6eU1Dxd9hVN7z5bHMoaEXaRypDuApwHHGL
"
scenery_img_000464.jpg,"SuLoP+tLZdAYAqSOOQfQrkmXCtpknO6eU1Dxd9hVN7x2Fs9cprrisCqdBpByD3f9
"
scenery_img_000465.jpg,"SuLoP+tLZdAYAqSOOQfQrkmXCtpknO6eU1Dxd9hVN7ynEf8C37Qx3pVBkjGsOZqy
"
scenery_img_000466.jpg,"SuLoP+tLZdAYAqSOOQfQrkmXCtpknO6eU1Dxd9hVN7wS1qoP57y8OJO+0DNhOhV7
"
scenery_img_000467.jpg,"SuLoP+tLZdAYAqSOOQfQrkmXCtpknO6eU1Dxd9hVN7xGinAp0QkUB76kjNq8Ncs1
"
scenery_img_000468.jpg,"SuLoP+tLZdAYAqSOOQfQrkmXCtpknO6eU1Dxd9hVN7zEzf42yNt0llJ8VC3P7TFc
"
scenery_img_000469.jpg,"SuLoP+tLZdAYAqSOOQfQrkmXCtpknO6eU1Dxd9hVN7y+i4Z+DBaiagVP+tzAMkNZ
"
scenery_img_000470.jpg,"SuLoP+tLZdAYAqSOOQfQrkmXCtpknO6eU1Dxd9hVN7zC8nuYjtbNmknTNPSMWSAL
"
scenery_img_000471.jpg,"SuLoP+tLZdAYAqSOOQfQrkmXCtpknO6eU1Dxd9hVN7wIn6dRyd68EF12dFf3+RjB
"
scenery_img_000472.jpg,"SuLoP+tLZdAYAqSOOQfQrkmXCtpknO6eU1Dxd9hVN7wHHP9+fszS+66JmGn5XPcN
"
scenery_img_000473.jpg,"SuLoP+tLZdAYAqSOOQfQrkmXCtpknO6eU1Dxd9hVN7wJ6qCCMOqX39DAt43DWHn+
"
scenery_img_000474.jpg,"SuLoP+tLZdAYAqSOOQfQrkmXCtpknO6eU1Dxd9hVN7w1ws5u7XvA3mBe1dPMLHek
"
scenery_img_000475.jpg,"SuLoP+tLZdAYAqSOOQfQrkmXCtpknO6eU1Dxd9hVN7xjKliMW7thkD4R8isbdh8c
"
scenery_img_000476.jpg,"SuLoP+tLZdAYAqSOOQfQrkmXCtpknO6eU1Dxd9hVN7x9K6SOs/1xBu7M65/UH18e
"
scenery_img_000477.png,"SuLoP+tLZdAYAqSOOQfQrkmXCtpknO6eU1Dxd9hVN7xHJC76aOxO0uuac549uhcF
"
scenery_img_000478.jpg,"SuLoP+tLZdAYAqSOOQfQrkmXCtpknO6eU1Dxd9hVN7xasDgXXqOtrISt0iYx5jjX
"
scenery_img_000479.jpg,"SuLoP+tLZdAYAqSOOQfQrkmXCtpknO6eU1Dxd9hVN7z3UHRhhuXntg6wDMMdNqjy
"
scenery_img_000480.jpg,"SuLoP+tLZdAYAqSOOQfQrkmXCtpknO6eU1Dxd9hVN7y46RhriDGjoQnPa70RTtLf
"
scenery_img_000481.jpg,"SuLoP+tLZdAYAqSOOQfQrkmXCtpknO6eU1Dxd9hVN7xGXHPgAnvSzdcoQFakpGAR
"
scenery_img_000482.jpg,"SuLoP+tLZdAYAqSOOQfQrkmXCtpknO6eU1Dxd9hVN7yu9LR8rb0w8TSS6jFr6sSs
"
scenery_img_000483.jpg,"SuLoP+tLZdAYAqSOOQfQrkmXCtpknO6eU1Dxd9hVN7yFzl40EnxXYuQr3w14eAwC
"
scenery_img_000484.jpg,"SuLoP+tLZdAYAqSOOQfQrkmXCtpknO6eU1Dxd9hVN7xw1Lk9zf8Un7JyUttvye3s
"
scenery_img_000485.jpg,"SuLoP+tLZdAYAqSOOQfQrkmXCtpknO6eU1Dxd9hVN7z09y4p0llcgcAXve60AUXQ
"
scenery_img_000486.jpg,"SuLoP+tLZdAYAqSOOQfQrkmXCtpknO6eU1Dxd9hVN7wXthkAjkGdQIHjdVUWAzT6
"
scenery_img_000487.jpg,"SuLoP+tLZdAYAqSOOQfQrkmXCtpknO6eU1Dxd9hVN7zV1aeMKly1HS3MMc8PI+wY
"
scenery_img_000488.jpg,"SuLoP+tLZdAYAqSOOQfQrkmXCtpknO6eU1Dxd9hVN7wn6OYDqF8WHEKT1Kqqo08q
"
scenery_img_000489.jpg,"SuLoP+tLZdAYAqSOOQfQrkmXCtpknO6eU1Dxd9hVN7xKJQl2Txb/uoKH6o/V+Nxk
"
scenery_img_000490.jpg,"SuLoP+tLZdAYAqSOOQfQrkmXCtpknO6eU1Dxd9hVN7znD6od0M3RSUZaBBsUrpvw
"
scenery_img_000491.jpg,"SuLoP+tLZdAYAqSOOQfQrkmXCtpknO6eU1Dxd9hVN7w0X9S+uxOUNp6uPxD8jOpJ
"
scenery_img_000492.jpg,"SuLoP+tLZdAYAqSOOQfQrkmXCtpknO6eU1Dxd9hVN7wrd6ZNo9Z0lsjct+s4GNfo
"
scenery_img_000493.jpg,"SuLoP+tLZdAYAqSOOQfQrkmXCtpknO6eU1Dxd9hVN7y5ur57suvZC9IeHw5csGVg
"
scenery_img_000494.jpg,"SuLoP+tLZdAYAqSOOQfQrkmXCtpknO6eU1Dxd9hVN7yhS3ouTs3e16Tol+NUwaUv
"
scenery_img_000495.jpg,"SuLoP+tLZdAYAqSOOQfQrkmXCtpknO6eU1Dxd9hVN7zCCXbWWLgSxBg4GbjMaad/
"
scenery_img_000496.jpg,"SuLoP+tLZdAYAqSOOQfQrkmXCtpknO6eU1Dxd9hVN7zve/XCiiqbnfI4mIaV9SP+
"
scenery_img_000497.jpg,"SuLoP+tLZdAYAqSOOQfQrkmXCtpknO6eU1Dxd9hVN7yx+PQhFbalKtv1Xf22kT5H
"
scenery_img_000498.jpg,"SuLoP+tLZdAYAqSOOQfQrkmXCtpknO6eU1Dxd9hVN7x2WTuHPvJEbdgvRFhMES69
"
scenery_img_000499.jpg,"SuLoP+tLZdAYAqSOOQfQrkmXCtpknO6eU1Dxd9hVN7yO06UxzbWSJlwi0hzUsp+T
"
scenery_img_000500.jpg,"SuLoP+tLZdAYAqSOOQfQrrdc0wj/r3JBqbuupTi/YwbxLQ7GfXD5FHbL5uWhmZH/
"
scenery_img_000501.jpg,"SuLoP+tLZdAYAqSOOQfQrrdc0wj/r3JBqbuupTi/YwbewYjyFnxLd83a5nIhDlvB
"
scenery_img_000502.jpg,"SuLoP+tLZdAYAqSOOQfQrrdc0wj/r3JBqbuupTi/YwYsRp37pr3FTZ/rE1yaOhPO
"
scenery_img_000503.jpg,"SuLoP+tLZdAYAqSOOQfQrrdc0wj/r3JBqbuupTi/Ywbb4LXrpBEjYxsQrDOJ2oaU
"
scenery_img_000504.jpg,"SuLoP+tLZdAYAqSOOQfQrrdc0wj/r3JBqbuupTi/Ywa5HQ/j7UfUjcy6bVyp3zkW
"
scenery_img_000505.jpg,"SuLoP+tLZdAYAqSOOQfQrrdc0wj/r3JBqbuupTi/YwZ7YSH2aaVhV9QyO0MRClBG
"
scenery_img_000506.jpg,"SuLoP+tLZdAYAqSOOQfQrrdc0wj/r3JBqbuupTi/YwZkT0fgDbv0dMPllvJ6bUlb
"
scenery_img_000507.jpg,"SuLoP+tLZdAYAqSOOQfQrrdc0wj/r3JBqbuupTi/YwYwldSO60QRkD6G3KYuZbod
"
scenery_img_000508.jpg,"SuLoP+tLZdAYAqSOOQfQrrdc0wj/r3JBqbuupTi/Ywa7CpFH4evwNaGCjefHEMFA
"
scenery_img_000509.jpg,"SuLoP+tLZdAYAqSOOQfQrrdc0wj/r3JBqbuupTi/Ywb0m2xomKVtCLPupDkHep30
"
scenery_img_000510.jpg,"SuLoP+tLZdAYAqSOOQfQrrdc0wj/r3JBqbuupTi/YwYWj4xgoRtS9dorftLzUu5k
"
scenery_img_000511.jpg,"SuLoP+tLZdAYAqSOOQfQrrdc0wj/r3JBqbuupTi/YwYCs5dsx3QKICsb6V+fz3aw
"
scenery_img_000512.jpg,"SuLoP+tLZdAYAqSOOQfQrrdc0wj/r3JBqbuupTi/Ywbjgaub6k7hzA9cNZy1alar
"
scenery_img_000513.jpg,"SuLoP+tLZdAYAqSOOQfQrrdc0wj/r3JBqbuupTi/YwZODWfxF6u8nDmyuSubxp2i
"
scenery_img_000514.jpg,"SuLoP+tLZdAYAqSOOQfQrrdc0wj/r3JBqbuupTi/YwbVYtlfN8ugIbhiJ3gHxIHY
"
scenery_img_000515.jpg,"SuLoP+tLZdAYAqSOOQfQrrdc0wj/r3JBqbuupTi/YwbowkTTVhJqYmErhXbFkL1d
"
scenery_img_000516.jpg,"SuLoP+tLZdAYAqSOOQfQrrdc0wj/r3JBqbuupTi/Ywbppqr8/48uaKAOHZdr0bRv
"
scenery_img_000517.jpg,"SuLoP+tLZdAYAqSOOQfQrrdc0wj/r3JBqbuupTi/YwaA7duw/JZ5Up9g+Tnr/nhF
"
scenery_img_000518.jpg,"SuLoP+tLZdAYAqSOOQfQrrdc0wj/r3JBqbuupTi/YwbIqlGaJPS5IcUP9lN2xHQy
"
scenery_img_000519.jpg,"SuLoP+tLZdAYAqSOOQfQrrdc0wj/r3JBqbuupTi/Ywb5IMOU/ygQEq8DeF3zX1Vi
"
scenery_img_000520.jpg,"SuLoP+tLZdAYAqSOOQfQrrdc0wj/r3JBqbuupTi/YwZhKjEBLuHcXpL1/xIlvrE6
"
scenery_img_000521.jpg,"SuLoP+tLZdAYAqSOOQfQrrdc0wj/r3JBqbuupTi/Ywb1dxyZorj/gbEi6nH8mr58
"
scenery_img_000522.jpg,"SuLoP+tLZdAYAqSOOQfQrrdc0wj/r3JBqbuupTi/YwaUme4JxcOKIaoYUCBMKdDg
"
scenery_img_000523.jpg,"SuLoP+tLZdAYAqSOOQfQrrdc0wj/r3JBqbuupTi/Ywb3eJLrPekbN7Zgu4QLxbU0
"
scenery_img_000524.jpg,"SuLoP+tLZdAYAqSOOQfQrrdc0wj/r3JBqbuupTi/YwaAeF6EcqkkCF8DhluoqWb8
"
scenery_img_000525.jpg,"SuLoP+tLZdAYAqSOOQfQrrdc0wj/r3JBqbuupTi/YwZQetgvOdliM/YEoYqN6iuv
"
scenery_img_000526.jpg,"SuLoP+tLZdAYAqSOOQfQrrdc0wj/r3JBqbuupTi/Ywb3dnmVXuQGYm3yyvDWCdVZ
"
scenery_img_000527.jpg,"SuLoP+tLZdAYAqSOOQfQrrdc0wj/r3JBqbuupTi/Ywb82r7rbPr8Vjh41MEOMbMa
"
scenery_img_000528.jpg,"SuLoP+tLZdAYAqSOOQfQrrdc0wj/r3JBqbuupTi/YwbOXt2ZJsC4dtc/3IiytBqi
"
scenery_img_000529.jpg,"SuLoP+tLZdAYAqSOOQfQrrdc0wj/r3JBqbuupTi/YwahBQM2IOC3+Feg1WyHNkpM
"
scenery_img_000530.jpg,"SuLoP+tLZdAYAqSOOQfQrrdc0wj/r3JBqbuupTi/YwZQVVw0iK7ssV8zVCKymx5L
"
scenery_img_000531.jpg,"SuLoP+tLZdAYAqSOOQfQrrdc0wj/r3JBqbuupTi/YwbYZoHxLc3i8vUa/lF6JT0M
"
scenery_img_000532.jpg,"SuLoP+tLZdAYAqSOOQfQrrdc0wj/r3JBqbuupTi/YwbtszHaEK3JRDMyt6IodysI
"
scenery_img_000533.jpg,"SuLoP+tLZdAYAqSOOQfQrrdc0wj/r3JBqbuupTi/YwYPbdAlG9Zj5v7gEilC3EZX
"
scenery_img_000534.jpg,"SuLoP+tLZdAYAqSOOQfQrrdc0wj/r3JBqbuupTi/Ywbbykl+7ptLhFFQMBlYOCcc
"
scenery_img_000535.jpg,"SuLoP+tLZdAYAqSOOQfQrrdc0wj/r3JBqbuupTi/YwYS5AbBjQzebhkSifMk6CUV
"
scenery_img_000536.jpg,"SuLoP+tLZdAYAqSOOQfQrrdc0wj/r3JBqbuupTi/Ywal4n5oCubDbQ9pp3M9OsDo
"
scenery_img_000537.jpg,"SuLoP+tLZdAYAqSOOQfQrrdc0wj/r3JBqbuupTi/Ywb/0OTfrrqLgWjInjkNY6xQ
"
scenery_img_000538.jpg,"SuLoP+tLZdAYAqSOOQfQrrdc0wj/r3JBqbuupTi/YwaQesS6IHfNyR/jJPlNpTmK
"
scenery_img_000539.jpg,"SuLoP+tLZdAYAqSOOQfQrrdc0wj/r3JBqbuupTi/YwbQiS0BCRsxZue5M45mKQVE
"
scenery_img_000540.jpg,"SuLoP+tLZdAYAqSOOQfQrrdc0wj/r3JBqbuupTi/YwaswqAhhcz/aCYuT1R+gZrl
"
scenery_img_000541.jpg,"SuLoP+tLZdAYAqSOOQfQrrdc0wj/r3JBqbuupTi/YwYr4FEU7o1HCW/08Vq1Y7xe
"
scenery_img_000542.jpg,"SuLoP+tLZdAYAqSOOQfQrrdc0wj/r3JBqbuupTi/YwYtrptVjMr8B8m0RcomCf//
"
scenery_img_000543.jpg,"SuLoP+tLZdAYAqSOOQfQrrdc0wj/r3JBqbuupTi/YwbNWpvT+i7mhl/N5tIjBSuA
"
scenery_img_000544.jpg,"SuLoP+tLZdAYAqSOOQfQrrdc0wj/r3JBqbuupTi/Ywb9Ma2l37e4O8kdiAAVbKkc
"
scenery_img_000545.jpg,"SuLoP+tLZdAYAqSOOQfQrrdc0wj/r3JBqbuupTi/YwblViLnHwXPvaemOiB96I02
"
scenery_img_000546.jpg,"SuLoP+tLZdAYAqSOOQfQrrdc0wj/r3JBqbuupTi/YwY8ZeVdZfBNKu9+8gNFFXcm
"
scenery_img_000547.jpg,"SuLoP+tLZdAYAqSOOQfQrrdc0wj/r3JBqbuupTi/YwZUDcm47+JX9oI4h+uoGXuF
"
scenery_img_000548.jpg,"SuLoP+tLZdAYAqSOOQfQrrdc0wj/r3JBqbuupTi/YwaYV8ofk4ivjmuILtYuu8Td
"
scenery_img_000549.jpg,"SuLoP+tLZdAYAqSOOQfQrrdc0wj/r3JBqbuupTi/YwbR2ZVIL2xiCDCVDR3dwZ/1
"
scenery_img_000550.jpg,"SuLoP+tLZdAYAqSOOQfQrrdc0wj/r3JBqbuupTi/YwbUTfWmP2Ijk2ZDwizK+hf7
"
scenery_img_000551.jpg,"SuLoP+tLZdAYAqSOOQfQrrdc0wj/r3JBqbuupTi/YwYkKX/5PGKBAWPDfU8RPVbl
"
scenery_img_000552.jpg,"SuLoP+tLZdAYAqSOOQfQrrdc0wj/r3JBqbuupTi/YwYA3n08tE9CbK8R/rae6vox
"
scenery_img_000553.jpg,"SuLoP+tLZdAYAqSOOQfQrrdc0wj/r3JBqbuupTi/YwYUe9eMDrQY6x8jZNjPtRVT
"
scenery_img_000554.jpg,"SuLoP+tLZdAYAqSOOQfQrrdc0wj/r3JBqbuupTi/YwYLxGkaVKhbi32ROOjHarNl
"
scenery_img_000555.jpg,"SuLoP+tLZdAYAqSOOQfQrrdc0wj/r3JBqbuupTi/Ywbd2DBxp+dM9xkeye4ekVr/
"
scenery_img_000556.jpg,"SuLoP+tLZdAYAqSOOQfQrrdc0wj/r3JBqbuupTi/YwagOsetWnO+HFlNW/A1hM+B
"
scenery_img_000557.jpg,"SuLoP+tLZdAYAqSOOQfQrrdc0wj/r3JBqbuupTi/YwYANPDuDcLZBlgqyNV2yElt
"
scenery_img_000558.jpg,"SuLoP+tLZdAYAqSOOQfQrrdc0wj/r3JBqbuupTi/Ywbfu4eX0UgCGhYtDcnXbZUw
"
scenery_img_000559.jpg,"SuLoP+tLZdAYAqSOOQfQrrdc0wj/r3JBqbuupTi/YwYsrB6VZwC5B62hIu3hhoKO
"
scenery_img_000560.jpg,"SuLoP+tLZdAYAqSOOQfQrrdc0wj/r3JBqbuupTi/YwYouXG+3Rl56W5TZjPeLLAV
"
scenery_img_000561.jpg,"SuLoP+tLZdAYAqSOOQfQrrdc0wj/r3JBqbuupTi/Ywb9cP2/A7335IATSdU6ZyeT
"
scenery_img_000562.gif,"SuLoP+tLZdAYAqSOOQfQrrdc0wj/r3JBqbuupTi/YwZfZuqCk8UxhzmMfyr/2ish
"
scenery_img_000563.jpg,"SuLoP+tLZdAYAqSOOQfQrrdc0wj/r3JBqbuupTi/Ywb5bHMoaEXaRypDuApwHHGL
"
scenery_img_000564.jpg,"SuLoP+tLZdAYAqSOOQfQrrdc0wj/r3JBqbuupTi/YwZ2Fs9cprrisCqdBpByD3f9
"
scenery_img_000565.jpg,"SuLoP+tLZdAYAqSOOQfQrrdc0wj/r3JBqbuupTi/YwanEf8C37Qx3pVBkjGsOZqy
"
scenery_img_000566.jpg,"SuLoP+tLZdAYAqSOOQfQrrdc0wj/r3JBqbuupTi/YwYS1qoP57y8OJO+0DNhOhV7
"
scenery_img_000567.jpg,"SuLoP+tLZdAYAqSOOQfQrrdc0wj/r3JBqbuupTi/YwZGinAp0QkUB76kjNq8Ncs1
"
scenery_img_000568.jpg,"SuLoP+tLZdAYAqSOOQfQrrdc0wj/r3JBqbuupTi/YwbEzf42yNt0llJ8VC3P7TFc
"
scenery_img_000569.jpg,"SuLoP+tLZdAYAqSOOQfQrrdc0wj/r3JBqbuupTi/Ywa+i4Z+DBaiagVP+tzAMkNZ
"
scenery_img_000570.jpg,"SuLoP+tLZdAYAqSOOQfQrrdc0wj/r3JBqbuupTi/YwbC8nuYjtbNmknTNPSMWSAL
"
scenery_img_000571.jpg,"SuLoP+tLZdAYAqSOOQfQrrdc0wj/r3JBqbuupTi/YwYIn6dRyd68EF12dFf3+RjB
"
scenery_img_000572.jpg,"SuLoP+tLZdAYAqSOOQfQrrdc0wj/r3JBqbuupTi/YwYHHP9+fszS+66JmGn5XPcN
"
scenery_img_000573.jpg,"SuLoP+tLZdAYAqSOOQfQrrdc0wj/r3JBqbuupTi/YwYJ6qCCMOqX39DAt43DWHn+
"
scenery_img_000574.jpg,"SuLoP+tLZdAYAqSOOQfQrrdc0wj/r3JBqbuupTi/YwY1ws5u7XvA3mBe1dPMLHek
"
scenery_img_000575.jpg,"SuLoP+tLZdAYAqSOOQfQrrdc0wj/r3JBqbuupTi/YwZjKliMW7thkD4R8isbdh8c
"
scenery_img_000576.jpg,"SuLoP+tLZdAYAqSOOQfQrrdc0wj/r3JBqbuupTi/YwZ9K6SOs/1xBu7M65/UH18e
"
scenery_img_000577.jpg,"SuLoP+tLZdAYAqSOOQfQrrdc0wj/r3JBqbuupTi/YwarSVeMcaHksos/mkeKUDbF
"
scenery_img_000578.jpg,"SuLoP+tLZdAYAqSOOQfQrrdc0wj/r3JBqbuupTi/YwZasDgXXqOtrISt0iYx5jjX
"
scenery_img_000579.jpg,"SuLoP+tLZdAYAqSOOQfQrrdc0wj/r3JBqbuupTi/Ywb3UHRhhuXntg6wDMMdNqjy
"
scenery_img_000580.jpg,"SuLoP+tLZdAYAqSOOQfQrrdc0wj/r3JBqbuupTi/Ywa46RhriDGjoQnPa70RTtLf
"
scenery_img_000581.jpg,"SuLoP+tLZdAYAqSOOQfQrrdc0wj/r3JBqbuupTi/YwZGXHPgAnvSzdcoQFakpGAR
"
scenery_img_000582.jpg,"SuLoP+tLZdAYAqSOOQfQrrdc0wj/r3JBqbuupTi/Ywau9LR8rb0w8TSS6jFr6sSs
"
scenery_img_000583.jpg,"SuLoP+tLZdAYAqSOOQfQrrdc0wj/r3JBqbuupTi/YwaFzl40EnxXYuQr3w14eAwC
"
scenery_img_000584.jpg,"SuLoP+tLZdAYAqSOOQfQrrdc0wj/r3JBqbuupTi/YwZw1Lk9zf8Un7JyUttvye3s
"
scenery_img_000585.jpg,"SuLoP+tLZdAYAqSOOQfQrrdc0wj/r3JBqbuupTi/Ywb09y4p0llcgcAXve60AUXQ
"
scenery_img_000586.jpg,"SuLoP+tLZdAYAqSOOQfQrrdc0wj/r3JBqbuupTi/YwYXthkAjkGdQIHjdVUWAzT6
"
scenery_img_000587.jpg,"SuLoP+tLZdAYAqSOOQfQrrdc0wj/r3JBqbuupTi/YwbV1aeMKly1HS3MMc8PI+wY
"
scenery_img_000588.jpg,"SuLoP+tLZdAYAqSOOQfQrrdc0wj/r3JBqbuupTi/YwYn6OYDqF8WHEKT1Kqqo08q
"
